time,displacement
-5.5379707344168996e-05,4.94591252552972
0.010943983051250513,5.0778728824362185
0.019243915545272938,4.935859295079265
0.02997415866452706,5.027446387672266
0.03938767369084857,5.078889511617886
0.0489263529886423,5.060507895030468
0.06055905171922332,5.1122029556680815
0.06851158258366759,5.141111264200715
0.08057997881251433,5.282398665829695
0.09318230983046898,5.244939160920584
0.10029157464559406,5.176594211866454
0.11280344214945719,5.170766725154892
0.12102885598269839,5.200351954529076
0.1293379271519048,5.296820210143505
0.14168857006743618,5.211240869377553
0.1504020872005897,5.195918897583456
0.1625460862200451,5.119473134647353
0.16878337627061388,5.274514423057358
0.18171669651530217,5.191187712561096
0.19011776285323356,5.202972780863876
0.20128884188433774,5.241083397662951
0.20910996109211216,5.2244922665712
0.21892856434829086,5.1602459363488276
0.23063533126294436,5.216304461338519
0.24179194562009534,5.0652595271026835
0.2497465215814412,5.1310023114715415
0.26033877612633627,5.089545187242578
0.2715195333160118,5.107411888880365
0.2826816554016041,5.048072784686045
0.28957546390436306,5.079581795823251
0.30175670696735013,4.933980200806148
0.3103506363965603,5.029104942081826
0.31971616767457434,4.967068529400222
0.32831591947496486,4.893607936985944
0.3398652700484081,4.895546104527054
0.348723050406524,4.87000213685762
0.3597809605615894,4.774498344687171
0.3695841395364001,4.764284831648134
0.381057817613215,4.688702983067811
0.38934871061654547,4.588589597855309
0.4013610426357865,4.721392179997885
0.40942139375607284,4.611437962456024
0.4213807450414953,4.611345612763105
0.4283181073045193,4.540838719573734
0.4403660492623443,4.441513903156496
0.4519476989704979,4.371387125717499
0.45959822803228195,4.306470482757249
0.4698626578620579,4.368665239190257
0.4798438304137742,4.264674714229973
0.4896232959038812,4.236811455662083
0.5011679145152513,4.1591719872086115
0.5100621599890612,4.068629602129343
0.5187852125551279,4.0442665013615064
0.5315602006272301,4.084606140144772
0.5394828462674643,3.927829813524316
0.5503452390597474,3.8268939485234768
0.5613758682196321,3.798889678643094
0.5695747808135108,3.7688637627830732
0.5803382509333215,3.5795101806425547
0.5919462230802822,3.611861133873763
0.6011258072459166,3.5444757376929723
0.6109345211427436,3.4940915349661874
0.6184296542148249,3.4546147195587635
0.6309977620955797,3.308075404545638
0.6420358056987131,3.2921089649407236
0.6509125013967629,3.2388117671108794
0.6602960660260881,3.1464311219517596
0.6724897078211141,3.082898997988535
0.6814337321407998,3.0497627667402805
0.691399372255915,2.8923313683278993
0.7015784578358701,2.821283819455172
0.710300398536869,2.8250495829980684
0.7198391077897752,2.8511863873713255
0.7326788457473375,2.74339267412396
0.7401024215829124,2.6569147675531193
0.7512188056257386,2.4941034703574068
0.761533865424445,2.453828207879894
0.7711016776253412,2.4183783272059163
0.7795153599096253,2.4213543723854696
0.7924418448878556,2.247276978331577
0.8006020814354219,2.2907841453804005
0.8106277319576538,2.1716125635175176
0.8217980208806718,2.1464426532451846
0.8322951938910828,2.0331651285963335
0.8394615891744611,1.884941182257871
0.8514415779317294,1.849461123504867
0.8608417202885807,1.8036808591200093
0.8718483477273075,1.8782341048845344
0.8806159660395104,1.6897502399377327
0.8918966065552101,1.5653348460037895
0.9009877091598547,1.5566125308983192
0.9102352214138717,1.513654533638084
0.9215271719128474,1.3410335833772988
0.9305945959344506,1.329324976084782
0.9409235883997824,1.1330913531558666
0.9488020951895701,1.1187407513704792
0.9608969080139019,0.9900092143475611
0.9703934699884866,1.000740856327048
0.9803943831404258,0.9283580987569803
0.9905325811097082,0.8524178833946349
1.0013735949209368,0.8550923115814847
1.011038652429717,0.7145295416001604
1.0213700621103232,0.6543673110859083
1.03184221391398,0.6178172149412355
1.0405565312896872,0.5689035937440877
1.0516708280403118,0.4585134845772373
1.0612215258718054,0.43351513474875897
1.0718834784520406,0.20002775061222214
1.0825655990595535,0.2591421891772992
1.0895698447571718,0.15900403878571423
1.1017180594615408,0.11414857326438081
1.1107258515106089,0.1018111151680925
1.1222597975208337,0.07738218157802618
1.1322304598751576,-0.06031563297585557
1.1398737870294504,-0.08597391785252548
1.1518625300925498,-0.12759545516739457
1.1624534280543197,-0.18257879304441899
1.16848518148124,-0.27568114493349705
1.182086266435503,-0.29814757088594585
1.1925468439917066,-0.3765292468786836
1.2014983413252207,-0.5118555583849287
1.211294642256845,-0.545927982746218
1.2224093298444092,-0.6254493193909172
1.230328233676726,-0.5862321768902389
1.2405064217734747,-0.7019530445799548
1.2489985417787217,-0.6866255235402366
1.2620047639078624,-0.8047822051470714
1.2733491248279096,-0.8168288995216418
1.2784779755045292,-0.854798318263946
1.2902809033208658,-0.8623490319260889
1.3040520681103063,-0.9415897724099676
1.3117033102070572,-1.0154981207810165
1.3200193758150813,-1.0398533511885342
1.3329427389618624,-1.141883307870489
1.33930286092014,-1.1408124520682204
1.35153571081209,-1.2779587543030844
1.3616881385811808,-1.3078150565553435
1.3735997374120172,-1.2667130689018797
1.3804353026677627,-1.369284959963993
1.3910622934846626,-1.380040842145647
1.4011934125098007,-1.4098954684425264
1.4121569339343876,-1.521867153740872
1.4225205400467624,-1.458866449728142
1.4302834462276983,-1.5299893990686855
1.4396182116010219,-1.507756885962083
1.4505425547115085,-1.599706567705646
1.4614026241253413,-1.6909876710730884
1.4708896297473708,-1.7303096851991635
1.4819853318013552,-1.7679891816677997
1.4899806559661959,-1.7599677654707646
1.5013216829566478,-1.7623602754623577
1.5122880343563614,-1.8328780294651235
1.521417693332903,-1.8707002750669228
1.5316825869520203,-1.9903254147150071
1.541853208901563,-1.9320696505391293
1.5518237698903723,-1.8512485786967945
1.5623278218199024,-1.9200430178996848
1.5719675546918537,-1.951094347964571
1.5804421265597597,-1.9739186268961972
1.59236942072025,-2.026163509243714
1.6004445076496194,-2.0003983170277446
1.6129530431215755,-2.1242196295400335
1.620530299320888,-2.1269490044803674
1.6310418307704384,-2.0877544482658887
1.6419671672282319,-2.1418438637728974
1.6528704396285605,-2.0996101256496225
1.6620249861340277,-2.1066100534318157
1.6722407307438008,-2.1173700062797556
1.6821839140636692,-2.225249124932309
1.692982158516283,-2.044331256366219
1.6998214731642318,-2.193268379443294
1.7118887061922206,-2.05651500912196
1.7224623564729789,-2.2542784176577935
1.7318302134687438,-2.2154542359535148
1.742897508362171,-2.286855407252069
1.75180365769277,-2.2601865221483006
1.7627747807374976,-2.2359216943352926
1.771775186030807,-2.191610682611459
1.7805386628827593,-2.324221599342284
1.79283111699726,-2.231606088733524
1.7997833708919433,-2.231228972046854
1.8121898480298186,-2.293965321309949
1.8221664590575055,-2.2328631619562365
1.8328405893656239,-2.2156767989053345
1.8394800018339506,-2.2407283566787415
1.8503876546478302,-2.2343378626261585
1.8617128199916624,-2.1720807124693597
1.8716565650058026,-2.1737523423891
1.8813120764318834,-2.184273130828321
1.893445599389655,-2.2242341711714233
1.9016978617866538,-2.178616389719205
1.9111722812805547,-2.1715300833286184
1.9222434435716245,-2.100291895870801
1.9308091357181507,-2.263336395004273
1.9416429736594745,-2.283853162187027
1.9520341313426521,-2.225594084684714
1.9625597146718867,-2.227450148910142
1.9723860387817882,-2.2494325169383655
1.9812848133893863,-2.157377111485574
1.9930703566465333,-2.1609785276702045
1.9995695220128333,-2.1481329687945707
2.0106510951205223,-2.0442763835394966
2.021337850804557,-2.0775386953296144
2.0317582475359677,-2.0273230468230676
2.041840314569037,-2.125686665523777
2.0522033648478266,-2.001455706615868
2.0624012534793166,-2.0671740324406893
2.0727177918624555,-2.0419975989551404
2.080430937304509,-2.06009406896021
2.092160347577332,-1.9025766032627573
2.104029635204809,-1.9816600233741837
2.113970108551309,-1.9992693177247964
2.1238174639912017,-1.9576201452078474
2.1330613501165963,-1.9347247270593577
2.142647814724638,-1.7874954039896656
2.1520519088712935,-1.9186944108320478
2.163592367023835,-1.8133901875567782
2.17191111212037,-1.8059597715502194
2.1833846683358256,-1.8173500424474136
2.1927255856020262,-1.788243988031231
2.2019220586070083,-1.6599310184372082
2.211292482447589,-1.681339124215845
2.2221858852713914,-1.6766379686867814
2.2348688313119887,-1.6705858637602806
2.241813430172353,-1.6514433304207405
2.2521990140358445,-1.6603496524918475
2.2637536010523207,-1.6154514347510651
2.2723678514135344,-1.5675983617103042
2.283763834520551,-1.5192204920074843
2.293676839730819,-1.5610057375633777
2.3027773562025406,-1.510354967761962
2.311320587172229,-1.4228013085857607
2.321120267495643,-1.4820382970858592
2.332182957214602,-1.5837337688492747
2.342545039173354,-1.3317939402490506
2.3543258108560683,-1.3871594176192863
2.3624547711697996,-1.2962939876003547
2.3736795150976473,-1.3311108369021412
2.3825347686114147,-1.1718645885990921
2.3925730745123546,-1.2520924813201244
2.403971495144438,-1.1751139300863678
2.4122099770688097,-1.1348590790297344
2.420147612864772,-1.1153194136104339
2.4321767305727127,-1.1253296195308597
2.441395618828564,-1.0518986433110398
2.453038331593583,-1.0378452401778655
2.4629861552441525,-1.138101969753766
2.4729285005911823,-0.9710996559923787
2.482479153425339,-0.8906213971330139
2.4916748800604744,-0.8505473416669279
2.5012272569808163,-0.8511099437654709
2.514314136987475,-0.9021966808725123
2.5239294051853802,-0.8860066938719948
2.533501058504235,-0.76544094736707
2.5418494695092715,-0.739973792471594
2.5530092925429986,-0.7453451283159043
2.5625532029259905,-0.6241048786767326
2.5700338511386507,-0.5995071413448273
2.583279012830356,-0.746639996498346
2.591671112419072,-0.5523136157021573
2.601582932560074,-0.5955805975356914
2.612498253904502,-0.6344639781389682
2.6211300806930464,-0.5002444986275939
2.6315088402260463,-0.46945781514444823
2.64063643319375,-0.5345349415030884
2.653624471571775,-0.4207782093410809
2.6618768237685386,-0.38335403297514126
2.671818834535648,-0.37414091572427133
2.683832196904275,-0.34845487655392343
2.6917794275676714,-0.278687675572456
2.704072418990282,-0.241586713875263
2.7117836814314726,-0.2517264532939399
2.723104891753631,-0.307763895813319
2.7322724403432175,-0.1141799818657036
2.7436824717278983,-0.14248818435358176
2.7520499155425564,-0.10223114412730797
2.7623629653221227,-0.1445711035344128
2.771744986037111,-0.12068518395323288
2.781443720212722,-0.0684799513940615
2.791252564594732,-0.06471921285104977
2.8011264460653575,-0.08822193847527449
2.8139738515898864,0.024356430047720187
2.8226890788009715,-0.00313715211276043
2.834791327975669,0.014910668536544255
2.8442861472634826,0.14454080259963278
2.852418956738702,0.1394514632129638
2.863942899709089,0.17262076263528855
2.872537528854748,0.10962721231364966
2.8838036233148174,0.23947482296285816
2.894997910274348,0.27382813693220476
2.9019842008358636,0.3029484079111018
2.912198177026604,0.2958445409620588
2.9228831082937776,0.28055018851400143
2.932697176282248,0.34914776761869337
2.9441760926434526,0.3949520356947572
2.9551867291676808,0.3932426003920152
2.9627067791413753,0.4358607978061289
2.973572195452592,0.405872859332617
2.983092338110852,0.4866557721717537
2.9920653093698637,0.44188645441996804
3.00084215395419,0.5489541264436115
3.0133638435200565,0.46682332055678816
3.0229082754479792,0.5535512057019452
3.032143762804626,0.49067460433551424
3.040389925887784,0.592051991496234
3.0545458872181057,0.6245740633136599
3.063456619970544,0.5617818786846707
3.073925080823089,0.6093284279542717
3.082196659393776,0.5969462735105883
3.093724463086362,0.6478807565254707
3.10438060147136,0.6199725705424863
3.11271039638138,0.6947538282267999
3.1231685035282135,0.6599523007737348
3.1337692511954858,0.6676583362587395
3.14293253983329,0.7353450600533437
3.1535499061829984,0.7061940118392697
3.1630812105024173,0.73175797819022
3.1737782154681673,0.7973659713894939
3.183002306557565,0.8074776928401749
3.193639011988952,0.7528228701254294
3.202928843336237,0.7856184104499443
3.212271427776317,0.8100163790171907
3.223328828360656,0.800115355145473
3.2320638883996353,0.9295134576634121
3.2432019069582565,0.8515389833812456
3.2556612621436196,0.8956048650264316
3.2633782212399614,0.7899367128190475
3.273404743078377,0.991620326719787
3.2828510049705617,1.0351457390272254
3.2930101488008408,0.8493435800401989
3.302788838656989,0.881029360024956
3.3127040441085653,0.8629897169250511
3.3223806641539326,0.8711125038518368
3.333219467234253,0.8646780729821598
3.3431259777803244,1.0052140147397306
3.3522425907305475,0.947886545314596
3.363050782919481,0.9995104161705374
3.3735851808318795,0.8994277818637988
3.383797766713937,0.9219800780485417
3.393927198273505,0.9550741496345014
3.4043593967331427,0.9533995277382306
3.411992286852664,1.0076762871552254
3.4227997980475764,0.9957464656514686
3.432427242020929,0.7865609284390529
3.4424824233198104,0.9151774579368173
3.4525057374456227,1.07173362964114
3.462855943798843,0.9825208191034402
3.4735891513544597,0.8707276172301732
3.4831385047733296,0.9770135128449037
3.492810794545087,0.9277220488859372
3.50395368449699,0.942871541972925
3.514632746675875,1.0575815175948804
3.5239913077898435,1.0173943323769226
3.53402942012738,0.9905193075069184
3.5431172666171515,1.017847340068814
3.550595126382625,1.0236329314614674
3.562963909195059,0.9130938922957079
3.5742385082870096,0.981990807132705
3.583763838457197,0.9512845667898664
3.5941967746706758,0.9769939938564325
3.603708929877547,0.9666237164001042
3.6132278641868347,0.9878043392654482
3.6251410590057938,0.9140533193544259
3.6324902463451822,0.9090240190399677
3.6440644196910403,0.8829052804736236
3.6540055263618836,0.9489414862058755
3.6632999164280258,0.9241775698746094
3.6752506344599634,0.9468388750651267
3.683669871343026,0.9018797078520606
3.6927583517611087,0.9287671712974804
3.702910335947496,0.9171404441868547
3.714885773872908,0.9392416792515728
3.7229930829451003,0.8898565623047078
3.7323778813986195,0.9032892972442388
3.7441159796839774,0.7936293084637861
3.7561386684102636,0.9288816994502104
3.7643170338421186,0.9199727421109257
3.77462321195068,0.796597274271512
3.785080809344212,0.8635093288156699
3.7922558943829463,0.8982335622393981
3.8034385229231833,0.8774585269000102
3.8122556728968626,0.8030332895102644
3.8227798226885707,0.7948644856497113
3.8338427975036105,0.7688598355519715
3.8445243814943426,0.7981451827911765
3.8537109814905186,0.8453305852061954
3.863514511695356,0.7418824463918876
3.8736456700035395,0.7820720925871295
3.8867445562313963,0.7117014910427382
3.894064849034747,0.720212691130876
3.9046393088256055,0.5806332370844293
3.912873442464294,0.6854355509271524
3.923555747753077,0.7379517341676379
3.9341244010688383,0.6338806318504246
3.9444860004717626,0.7075250248586766
3.9538659900544664,0.7472987307872921
3.9644555024007153,0.6346627014446952
3.9738692299004064,0.6051585733269458
3.984935793034306,0.5963555883428876
3.9942997864665317,0.6332993321961458
4.002858000241748,0.5940445132747435
4.014559428858255,0.597888524133375
4.022281906338806,0.6006681850080948
4.033824440338157,0.5468369143869689
4.0445033499754945,0.5106346553423211
4.054994925363072,0.5292918912622722
4.062863719851856,0.5258248037917589
4.073338694409451,0.41500384582631006
4.084798397190802,0.42842297754134406
4.094340998947696,0.4721264930076729
4.103731096902266,0.5445460957915186
4.113464329958193,0.5338712005538694
4.126263794788944,0.521762338874977
4.134488598917383,0.4678902133543836
4.144768322834957,0.3900053383496435
4.154064473880469,0.3845945468404049
4.1644480614869215,0.4433482789556872
4.171830005530315,0.39456230696176436
4.183262883122732,0.38931442220545065
4.193294182997564,0.38520705645211156
4.204140777168863,0.38238444522063497
4.213120791596392,0.30342695137230064
4.224644503298399,0.34618794079032295
4.232774608942218,0.2933020061980743
4.243650831009571,0.33939485200064284
4.254734942034086,0.2785846426796459
4.263531599437915,0.2688864290234564
4.2763325450272,0.23564819084587157
4.282765409373173,0.2595724687454607
4.294929088375381,0.2037483665303925
4.305058935183802,0.19307722565222724
4.315152488591517,0.1723432409881358
4.325900686061492,0.13793839484325918
4.335509317433101,0.12679260680096446
4.3451539318922725,0.16289389335185814
4.354036388949678,0.1703399225918031
4.365301970991929,0.15265154675715
4.374523252871475,0.08299895999646081
4.383956456545154,0.14088565828232127
4.395519671270517,0.03846561636575771
4.404949044812134,0.11364893638502892
4.413003392387728,0.09748361819628476
4.424018011028135,0.05155017405855984
4.433768397200537,0.02997849209644674
4.444950007687904,0.16759133015966982
4.455681817349327,0.09261926115267469
4.4628948758252935,-0.012711341770577221
4.474862311606834,-0.04272589574840337
4.4855321453706605,-0.01146331124194534
4.493933235454757,-0.042955264493704015
4.505552798177254,-0.026596001408822355
4.512767137869219,-0.062004408434311306
4.5248857824750335,-0.12920356202360173
4.533774779869717,-0.03632743450516071
4.543813717622147,-0.08482688882186558
4.553948191297647,-0.05131321470468085
4.565865088298127,-0.00028493334261286973
4.575798668315858,-0.08616260310070756
4.585659737963161,-0.14561744796828918
4.594898723475922,-0.14094351135239802
4.603696684847451,-0.12154412045713342
4.6137707338322445,-0.16567121023832654
4.624662306478152,-0.07126210742021465
4.635316024332407,-0.1166048953098796
4.643211791021648,-0.14654770914085724
4.6542291732900205,-0.13109932222788218
4.664245155521757,-0.1492183502261715
4.674673575445497,-0.21852301559360615
4.686062916245964,-0.30988603224300115
4.695549246084303,-0.05453268560847552
4.702429845245105,-0.34732281907070994
4.7153906999960284,-0.22989808053671304
4.724382995686648,-0.19916773491749293
4.734438052708756,-0.30780259906293966
4.744347468633461,-0.2691724754218007
4.75543527766467,-0.22527166767891885
4.765740678874759,-0.2730901754408053
4.774071900191945,-0.21506950985488657
4.784884616902303,-0.2601648151112977
4.796035050605717,-0.2848066772402261
4.804442757160185,-0.39775038010312297
4.814540559090768,-0.32662636076976675
4.824996280051372,-0.2931314349523942
4.834351503037355,-0.3392958863384774
4.8444890825122595,-0.3566513371182466
4.855743779285409,-0.3973323120664556
4.8647721365386385,-0.35171274217766435
4.876212239311019,-0.2742394334002096
4.883781591488135,-0.24421933198746687
4.8950181211959025,-0.42083268215961317
4.904851176017766,-0.3328336912376368
4.914573907539794,-0.36759927917773527
4.927347358237378,-0.431107375718672
4.935031104379417,-0.4158220273265755
4.945510405441212,-0.34429837734883956
4.955355031391282,-0.3397121241040863
4.96507040349069,-0.421355919990496
4.975891420636879,-0.3816004054044768
4.984861165838544,-0.39199136199794943
4.99195302265259,-0.29001076085145255
5.005142588843142,-0.3954944047615108
5.0135837947741235,-0.41601452239739944
5.024436827298116,-0.3973981584396875
5.034645060574524,-0.48646318946904077
5.045876325662475,-0.34127911257423066
5.057199663698844,-0.3770593935785833
5.065400606189216,-0.43360336968839097
5.073405192091541,-0.3497495130038201
5.083221269527931,-0.3617537275610085
5.093917235999822,-0.40810921536617817
5.104732294736562,-0.4022953212984669
5.113730196678865,-0.35759950479829206
5.125275244434281,-0.3759510644838586
5.135222303000381,-0.3543345420608014
5.144350726582751,-0.3676765370001223
5.15493804067757,-0.3676332022271608
5.164389991524877,-0.4175856726071545
5.175494668726904,-0.41347136798640516
5.1847528175538615,-0.4765129795369926
5.194742578168865,-0.49532583420436277
5.206115278748699,-0.4557377523008685
5.214489242564717,-0.4936303489680773
5.226165735198523,-0.38912526186845975
5.233378262667592,-0.4774346219986703
5.247315290229875,-0.45707208873842353
5.256758338627873,-0.43220246015163843
5.265055070774162,-0.4236035329642576
5.275625367350407,-0.3209311613397594
5.285395001847118,-0.3401184200029751
5.294672022097307,-0.46960734763093565
5.305564882995898,-0.35539092986188525
5.3169965514182485,-0.479295092666097
5.3243600517329055,-0.36343231679932936
5.336176709062934,-0.40412905164155405
5.34643889064545,-0.34533009912513696
5.355081854408689,-0.3782328653792153
5.3652080246427465,-0.38847181412665793
5.375076873647009,-0.4324910743700754
5.385118730982019,-0.3348424534677746
5.395788156834626,-0.3898535167276717
5.405114885446918,-0.3970852867176428
5.416873331499632,-0.32876015612292514
5.425653188227958,-0.37700269763888555
5.43454585401179,-0.3910084495534069
5.447584116558992,-0.3811932006323537
5.455744439640148,-0.33184647614012647
5.465063948459894,-0.4017576656617972
5.473190061408534,-0.28936776855076807
5.4869791496849105,-0.2752028298440354
5.494865225826456,-0.35978463114577375
5.505281015617505,-0.3646670456232633
5.517269530893766,-0.3914999383653057
5.523884746726764,-0.37639575466199887
5.536473091072808,-0.42898616895740144
5.546585402095496,-0.33460536064312174
5.554303989706726,-0.36548333642376024
5.5641643669221175,-0.3698297388515025
5.573988830064426,-0.31642464239857593
5.582873323016306,-0.34157160078619303
5.595756538000474,-0.23863795401495147
5.605812517194614,-0.26721350170922936
5.615076300837987,-0.3319254802070353
5.625560984322372,-0.21353818222863508
5.634619361127895,-0.31512755853231067
5.645160384582042,-0.26558016036305504
5.656028810752918,-0.30601343645179707
5.665930144751887,-0.25742934987311666
5.674238368744801,-0.149035491294662
5.685575570119227,-0.2946555360383898
5.695462886126353,-0.18075345845518898
5.704603897436707,-0.23548392749151192
5.7128322118675605,-0.28690209567801433
5.724979122620529,-0.22042947773422328
5.73722283876428,-0.2525167230974596
5.746121297183139,-0.20828076809809443
5.753180460972764,-0.24373005148811194
5.766335738367193,-0.2343800974855784
5.776204600001465,-0.26681326132821304
5.785762371836104,-0.16355562579064614
5.797397871609185,-0.1985936803642983
5.804810969790881,-0.13714946136611508
5.815989892509631,-0.27236376258727407
5.826352828170278,-0.25312067978810787
5.834438193755006,-0.27466254166965626
5.845785052413123,-0.16732729892376977
5.856105160983537,-0.0834662488686718
5.865082159605947,-0.182611184854007
5.877422049500999,-0.1033069191657901
5.884491243244103,-0.18192188781577076
5.894560257549897,-0.20172653037082583
5.9048528295360985,-0.09056617643744305
5.916168355845874,-0.19665641405052942
5.924990134599452,-0.11632089527553269
5.935282587332598,-0.1895325421995645
5.945537869489949,-0.1320392161798433
5.9569333976531444,-0.12251221416664779
5.966269572339287,-0.08307055683592059
5.976326921633835,-0.11177151295484389
5.986607110691778,-0.07256348259537358
5.995610490448471,-0.0008651996186214705
6.006469206624423,-0.12079599172199684
6.015938755726055,-0.07680829635571644
6.025118192613804,-0.0603277105870217
6.0351551567254,-0.005470463646658881
6.046355398149301,-0.1236974773898045
6.05708711638725,-0.039638741858708464
6.064675075780972,-0.04664800913239366
6.076852386819191,-0.11936519843614846
6.086242059942574,-0.010903290192611551
6.0975275385116285,-0.014890543899827257
6.106520738194878,0.03314918929774663
6.1165157009536095,-0.0365635006050467
6.128756874098199,-0.028887813562110544
6.136087885223878,-0.041787722804270386
6.146097811884736,-0.13424137586661977
6.1555717487617985,-0.17551404450429828
6.167052572449729,0.06605527757202134
6.174675797952527,-0.02373462181605557
6.1851291340918655,0.022210606265511638
6.195682127245352,0.014312016615487243
6.204410891476372,-0.028460778892828057
6.215926436525491,0.08851159598374903
6.225769381915866,0.10344025466175992
6.2368134215606945,-0.032860284607643106
6.248734184064051,-0.0036228667909808526
6.256118584814322,-0.01232443371579453
6.266211987587983,0.04964130437164524
6.276357749016947,0.04687842860376108
6.28550220244637,0.09304048922339522
6.29745159559821,0.09652481599773219
6.307500052345782,0.10493592910954087
6.316610607953571,0.04579354797165862
6.326534839344689,0.047491922594716254
6.336660460392255,0.04457123080291867
6.345972587605273,0.04522022352842776
6.357226507448425,0.01608311793956467
6.366103470957842,0.02791259097584365
6.375219572802981,0.07634795551293537
6.3854123355501144,0.113883140170882
6.398625664975978,0.14291882236267373
6.406910229559043,0.10260531010523997
6.416601089889182,0.114378216642038
6.428459859919957,0.1135963336692022
6.435814248812297,0.08994305700485916
6.448273130543185,0.0867118247349814
6.457253416301263,0.16722688257534807
6.4655525387585016,0.1151227136676723
6.477480509534533,0.11284548876207981
6.486682856152382,0.17936609598933773
6.49606441841906,0.11474948826070297
6.505581332798171,0.12751310248688102
6.5171625397377735,0.17198665287195572
6.528398299455624,0.13135121410739625
6.536307597028172,0.12458777426545957
6.545907044652795,0.12352610609186675
6.556563032607839,0.20459249585889713
6.568190561844786,0.2542331990453515
6.576485350806902,0.22322155303543734
6.5861030596760886,0.14981883417401984
6.595037992929056,0.16668243839176541
6.606786894933489,0.20641115590528486
6.617150103974535,0.215556517575271
6.624590985795625,0.20190319703406553
6.637384743548471,0.19429594246541348
6.645706393733997,0.09429908685459892
6.656898867877653,0.12076086150590293
6.66739453329862,0.1596054722963212
6.678410158532137,0.08044441604826733
6.686998867944021,0.23691997005511245
6.6971340587682,0.28809008641211636
6.707635345762247,0.16671237977767916
6.717151135165047,0.235096119879671
6.726874516726526,0.2320452474315004
6.736938171845609,0.21455173424061302
6.746766739396937,0.15267871151144477
6.755759678895446,0.21902060547981644
6.76634439702253,0.15024753932607698
6.7755896408302565,0.12950382506583155
6.787009350125079,0.23116384849863827
6.79826333965542,0.19837015999295604
6.808595619467555,0.2087155152200226
6.81735085481428,0.18779714821637297
6.827299431943657,0.14738599637357586
6.836599670016146,0.18634057261682493
6.846323241103498,0.16664534232750233
6.8565261216179705,0.18371781005753524
6.867425309628315,0.17567634087541328
6.876824807305628,0.24000503198553355
6.887395620887691,0.20243798547156452
6.896108351973823,0.15300150307398472
6.905409413800335,0.2226567870277914
6.916570459510033,0.2087732672760561
6.926530278954284,0.17036594077547554
6.936363598653091,0.18648100054748476
6.946641869435711,0.13269909352858383
6.957110456845961,0.07462177096610063
6.967499270147122,0.2500010516852594
6.978442803179548,0.1540928068976536
6.987434519535514,0.18234848885824603
6.997762346466669,0.13811084793894524
7.006269861004445,0.18160990188928006
7.016270017135305,0.18081777971618537
7.027364505538952,0.1568785269207086
7.036889214270523,0.12893305599440996
7.045370353273182,0.22130825187729045
7.055988669342632,0.1910128576054837
7.067295449432067,0.16654894003754367
7.077779426137595,0.10825675880918098
7.087711502000692,0.1848377391954972
7.096829260876981,0.17129714894350312
7.107844685049795,0.21442462417293795
7.118347344056071,0.16701072545812265
7.126578999257405,0.08614177470970617
7.1356564935799645,0.10160938673988207
7.146714766115741,0.20105256044068584
7.156923281025179,0.15204608118649873
7.168869778600693,0.14926037815338697
7.176198338276638,0.1678381420762569
7.187250709802044,0.13424668045038657
7.196041599373348,0.13310737378175494
7.207330458482465,0.12479340173732069
7.217478218085096,0.1550488537108026
7.22813974621683,0.1971124892182229
7.238180379875275,0.06560489751792141
7.248957819612228,0.20585464025328298
7.258499914372369,0.18344672230940484
7.265574299470125,0.15379966068713957
7.279030150077839,0.1273607288346516
7.286274754313341,0.04219625914896272
7.296484206888294,0.1279550157630338
7.308829924287183,0.09576409295631343
7.316782034447434,0.07160659132286104
7.32687743770984,0.0396534787813035
7.33787369005851,0.18906259935928166
7.347191166639889,0.10303519453327985
7.354999858912284,0.009494047319657084
7.365406743537622,0.06898234534426295
7.377808892696096,0.12646161344877352
7.387164720079626,0.1631142420866572
7.398359022365288,0.17656655271116034
7.406668312575266,0.09010850755802186
7.418738175334114,0.044913948717709415
7.427773705796903,0.11693131986122873
7.437220065224272,3.379370506094437e-05
7.4478871195132115,0.1447668864169609
7.457810685695759,0.18801992539354667
7.466539416174395,0.09747894472017375
7.477576589529259,0.07195909070108969
7.486650705303924,0.06080411479054708
7.4981099547679975,0.06191410379075631
7.508283495723832,0.18525751328036572
7.5184732510310175,0.044375241154407316
7.5285792302547385,0.03836835952400378
7.536954784439186,0.08717460155057868
7.547820027145644,0.07782360300858786
7.558084610820716,-0.026592989643724488
7.567985949169014,-0.05482864719537821
7.576828380449768,0.040519392313974834
7.587276399321483,0.10153752634287172
7.596877648074831,-0.007985537926156118
7.6079999677679275,0.0014813289779789934
7.617566168854213,0.07062361809601767
7.62963473756989,0.07680837818594947
7.6369536504042985,0.044323123749986336
7.648395759493132,-0.02467415648120501
7.658072586396006,0.09131773443311864
7.66666076029741,0.04622607538466226
7.678087096174391,0.06381766100618023
7.686509152643491,0.09539039856821027
7.697914373526382,0.055643605938921745
7.708330273882225,0.06212049677233093
7.716252391261209,0.02973412342998269
7.7291620650905974,0.05240249590359923
7.736607930177008,0.017473029034016166
7.74538612458746,0.04859702124991229
7.758089327873599,0.01130483651949447
7.7673698488065765,-0.04886422137494351
7.777086450623706,0.02031316223999237
7.789594876337212,0.035979052636892675
7.798431962865985,-0.008230563144800328
7.809190388133128,0.023273002781889554
7.817557272248892,0.008531406793457548
7.827995428707431,-0.06662846264547631
7.83840927462146,0.009387109033094223
7.848275514801321,0.07238643781251466
7.857842328512172,-0.007107392830760617
7.866410585415036,-0.025769066574306398
7.878134413792306,-0.05641298113048115
7.88777268750074,-0.04205588970791096
7.898680873656254,-0.018615176853022303
7.90851916829856,0.05293639515333273
7.917229981064499,-0.06221063261125662
7.928870926266081,-0.04333519904456587
7.93813802837841,0.029647720106351055
7.947554560195674,-0.028626552159097644
7.959695782970226,-0.013548669032641214
7.968327308436401,0.0008061651919933216
7.978507555933133,-0.016304057393176117
7.987944694234748,-0.01807753342420858
7.9972586329612625,-0.1015632906504189
8.007025227579529,0.037636447738829105
8.017693078124843,-0.006500259902214606
8.028215415969116,0.020042085818435543
8.0373998893641,-0.03542099540375038
8.046591267236677,-0.07068244626954466
8.057026049573775,-0.0811951615080363
8.067367369658355,0.03297848739327586
8.077841204203432,-0.07949422016232363
8.087684331908907,-0.12506796825800087
8.09600294302551,-0.014797628783608283
8.109469111391833,-0.04516474582481771
8.116610853601514,-0.06705766291715731
8.128356857168145,0.029204706859345363
8.137136880372644,-0.02376366880229487
8.14603198147708,-0.03553533721890188
8.157828514419045,-0.053422120792239736
8.169883607836487,-0.02557590553112986
8.178427908928233,-0.10609937803248248
8.186974824109713,-0.08371677012292578
8.197667782668356,-0.10035639633654805
8.20837041120187,-0.02888566884294287
8.21802032846132,-0.023683292200653454
8.228595330975702,-0.04069859863028236
8.2388556698503,-0.08316911222794912
8.248781895437618,-0.04653742389380083
8.2583987645359,-0.09385555582629126
8.27025870543811,-0.1217387316514855
8.277355398264186,-0.05421229438965917
8.28910901038128,-0.1840739955172893
8.298200047501302,-0.138870960447662
8.305844984263665,0.0013263169030042488
8.319063509445641,-0.19287880754827214
8.32696128758713,-0.037752969931178944
8.338282558393171,-0.05721137609941601
8.347809194135623,-0.052759832104076115
8.359765188107964,-0.09990257801456538
8.370395644558469,-0.028651831262700024
8.378095258890804,-0.10885751222658152
8.388649646230519,-0.0980614055093165
8.396537848298257,-0.06857701079371142
8.408665526449349,-0.0823165421843367
8.418351985530983,-0.009006922143677404
8.429328565887124,-0.003989883099607031
8.438846211177717,-0.0668345465664005
8.446825802969569,-0.13512535710672724
8.458594371015964,-0.003975601099239348
8.469524526159452,-0.011495238004782304
8.480488269592398,-0.08587916226409653
8.488857396255634,-0.10815851125752307
8.49871662517978,-0.04431086216217487
8.507708571224082,-0.0723543019625711
8.51895366308772,-0.09080917205827181
8.528079900498355,-0.08164868081724552
8.538282751630282,0.005330295557700093
8.549180016092226,-0.13044649367054303
8.559049141308506,-0.1179123388104942
8.569595947281064,-0.11614410498644429
8.579219798119732,-0.047774677877454555
8.587455052734676,-0.1393721098092846
8.59962246450474,-0.05714882441056933
8.610090217291592,-0.06561221699474086
8.618587727260941,-0.1012507927480046
8.629276834465054,-0.08202421401738462
8.637968922109826,-0.1443288764144529
8.647924334036801,-0.0848461518754212
8.65939216544424,-0.1574169571866913
8.66829313515671,-0.024390075475982126
8.678854013354512,-0.06878803334590523
8.688822193593925,-0.09095658245132657
8.698007279781324,-0.07881741335474915
8.707158672236227,-0.07579112926908418
8.718811290534532,-0.038290262831000225
8.729160200244786,-0.020294578583798698
8.737472509634454,-0.13274706180206977
8.747665105557797,-0.08188749074492409
8.757903932024277,-0.07656773852209889
8.769439385830342,-0.09237556784174097
8.781170278235967,-0.09131096942545767
8.789705229692123,-0.029926096150034054
8.798520773237836,-0.07136999436027776
8.807375274435296,-0.06661454740149489
8.820074521250197,-0.018362705970925736
8.827974200273331,-0.06961941465066102
8.839537071877835,-0.08798332159807266
8.847148022459763,-0.01905455139378976
8.857422899416722,-0.10068821095743008
8.86947587987545,-0.12235620998435197
8.877928776591476,-0.1147570999358466
8.88881247316009,-0.1428731215754074
8.899060148428207,-0.0467398078478809
8.909908380459322,-0.07106393289898082
8.918370225161933,0.04624802829994441
8.92856426465954,-0.04978851961357711
8.93806236824726,-0.08987203734220166
8.949981048143169,0.0001933504855047702
8.957775558092813,-0.08815302376651826
8.970197863426616,-0.12378968795146456
8.978014538736822,-0.17411247201770716
8.988510266878947,-0.09404299814671616
8.998784537767085,-0.10193762411741716
9.009295810969839,-0.1163673492870852
9.017132057964067,-0.023937518249739092
9.027523808330406,-0.026991577563940796
9.038033245333825,0.008390938389197182
9.047032921779929,-0.059495624191067555
9.058866210784172,-0.05315323518060658
9.068726475760158,0.038103263654764234
9.078005094270173,-0.07022500166248474
9.086308964928907,-0.04933263445567568
9.097630681240743,0.018552902474097868
9.109128349067571,-0.08332161855217571
9.119143615815807,-0.12755760575613687
9.130057991526689,-0.1200401989803624
9.139411983755814,-0.03555050879893558
9.14937235415169,0.023975904743383465
9.159451894780707,-0.029993653076024734
9.168411906087984,0.015180876615438398
9.179258869380426,0.002795306683470722
9.189170409470089,-0.00936199551753223
9.198695228653184,0.06139195439224194
9.208953398675131,-0.04554130595849432
9.21876106921342,-0.01758617701185378
9.228577516337037,-0.07881883531548695
9.237829063535184,-0.04173746744875424
9.249319973286081,0.016695898552475934
9.260306379156065,-0.0003339854603318475
9.269807514360021,0.03826044094801069
9.28077144243309,0.0012323243671090271
9.289974353812635,-0.004841461080574427
9.298492052810905,-0.029246689301426515
9.309662748013508,-0.05818986144575332
9.318925161696365,-0.028855962387900506
9.331377901422023,-0.08860366618389776
9.337419809338837,-0.05800979934462161
9.348142394064775,-0.07595678369764287
9.358866571111886,-0.013105223444880073
9.3685997347328,-0.0826417252603895
9.379784950204973,-0.10704185295056741
9.388744167919906,-0.03516257563261215
9.400105845490955,-0.0388581669606652
9.409228717695171,-0.01764998150209536
9.41968640599848,-0.03728930420789145
9.430387568683255,-0.009424421994956276
9.43855586515713,-0.0029986394713878844
9.44884481741801,-0.019920545333241384
9.457842496879886,-0.050071441922305934
9.467578554790174,0.017985608495880927
9.480354257130637,-0.06581695902675666
9.4897867683356,0.010216234020736846
9.499096040019532,-0.1423693336731948
9.510753237381817,0.014724284277167526
9.519027784563301,-0.07778526128313919
9.52923213491807,-0.07073422517950072
9.539017091586322,-0.01261804438907519
9.55074612296654,0.05751478295935966
9.559972447647127,-0.06926796199932213
9.567984742074676,0.006454383064418947
9.580443724892584,0.004089219465875744
9.589701150298731,0.10615581535301889
9.599845605222804,-0.03906209615846358
9.610796430769764,0.03676130828049589
9.619076963389288,-0.04413246982981155
9.629279563578413,-0.012379014169166324
9.638835922672587,-0.005055193777549056
9.648068843077118,-0.10639660745766932
9.659607906492145,0.029834899418439295
9.667818762724341,0.05069684367946213
9.679067759663361,-0.02319808918108316
9.690964403854101,0.03720491132824659
9.69929063188849,0.06341064547407929
9.710047239006053,-0.0241671544849027
9.72144836392299,0.05506584600972557
9.73091618682253,-0.0830812264995189
9.739629469418624,-0.001228124018366767
9.750684319146515,0.013913280881009122
9.76095928697598,0.044960670402647604
9.769777994625981,0.010931396578197184
9.779968238437327,-0.042136965483944834
9.789474277334458,0.001575706442222418
9.800816626275106,0.010427846906858633
9.810249006579207,0.07464364507744779
9.820744176374191,-0.040050238704345445
9.830034821396906,-0.07415838718227995
9.839726080894543,0.008594661951985355
9.849486689869906,0.04300921432579832
9.861104799519795,-0.09058409177674137
9.870009929460947,0.024626692501254908
9.881364351257389,0.03842320812772202
9.892366229535044,0.003341512261987714
9.896788803008947,-0.03170070504708176
9.909889356900944,0.027595552400952014
9.919572257518261,0.04170556997426515
9.92886899493838,0.03738534823132637
9.940162121661448,-0.0019078313030403
9.95012124256096,-0.037000141414446484
9.959320151392108,0.011252793334411721
9.968832105612607,0.151640280394147
9.980055292060612,0.10185983650269712
9.99171345499146,0.034754149999651526
10.00112081806968,-0.02234006533044129
